1,1992-1994 Version 2 and Version 3
120,2010 Version 12
121,2011 Version 12.1
122,2012 Version 12.2
130,2013 Version 13
140,2014 Version 14
150,2015 Version 15
160,2016 Version 16
180,2018 Version 18
210,2021 Version 21
220,2022 Version 22
230,2023 Version 23
4,1995 Version 4.0
5,1996 and 1997 Version 5.0 or Version 5.1
6,1998 Version 6
7,1999 Version 7
8,2000 Version 8
9,2001 and 2002 Version 9 and 9.1
A,"2003, 2004, and 2005 Version 10, 10.1, and 10.2"
B,"2006, 2007, and 2008 Version 11, 11.1, 11.2, and 11.3"
