0,Radiation was administered
1,"Radiation not administered, not part of planned first-course treatment. Diagnosed at autopsy."
2,"Radiation not administered, contraindicated due to patient risk factors"
5,"Radiation not administered, patient died prior to planned or recommended treatment"
6,"Radiation not administered; it was recommended by the patient's physician, but was not administered as part of the first-course therapy.  No reason was noted in the patient's record."
7,"Radiation not administered; it was recommended by the patient's physician, but this treatment was refused by the patient, the patient's family member, or the patient's guardian.  The refusal was noted in the patient record"
8,"Radiation recommended, but it is unknown if it was administered"
9,It is unknown if radiation was recommended or administered. Death-certificate-only
