0,"Complete dates are available and there are 0 days of survival (i.e., presumed alive date last contact = date of diagnosis)"
1,"Complete dates are available and there are more than 0 days of survival (i.e., presumed alive date last contact > date diagnosis)"
2,"Incomplete dates are available and there could be zero days of follow-up (i.e., known components are equal, e.g., 2006 and 20061002)"
3,"Incomplete dates are available and there cannot be zero days of follow-up (i.e., any difference in known date components, e.g., 200602 and 200603)"
8,Not calculated because a Death Certificate Only or Autopsy Only case
9,Unknown
