00,No surgical diagnostic or staging procedure was performed
01,"A biopsy (incisional, needle, or aspiration) was done to a site other than the primary site.  No exploratory procedure was done"
02,"A biopsy (incisional, needle, or aspiration) was done of the primary site"
03,A surgical exploratory only.  The patient was not biopsied or treated
04,"A surgical procedure with a bypass was performed, but no biopsy was done"
05,"An exploratory procedure was performed, and a biopsy of either the primary site or another site was done"
06,"A bypass procedure was performed, and a biopsy of either the primary site or another site was done"
07,"A procedure was done, but the type of procedure is unknown"
09,No information about whether a diagnostic or staging procedure was performed
