000,None
001,1 treatment
002,2 treatments
003,3 treatments
004,4 treatments
005,5 treatments
006,6 treatments
007,7 treatments
008,8 treatments
009,9 treatments
010,10 treatments
011,11 treatments
012,12 treatments
013,13 treatments
014,14 treatments
015,15 treatments
016,16 treatments
017,17 treatments
018,18 treatments
019,19 treatments
020,20 treatments
021,21 treatments
022,22 treatments
023,23 treatments
024,24 treatments
025,25 treatments
026,26 treatments
027,27 treatments
028,28 treatments
029,29 treatments
030,30 treatments
031,31 treatments
032,32 treatments
033,33 treatments
034,34 treatments
035,35 treatments
036,36 treatments
037,37 treatments
038,38 treatments
039,39 treatments
040,40 treatments
041,41 treatments
042,42 treatments
043,43 treatments
044,44 treatments
045,45 treatments
046,46 treatments
047,47 treatments
048,48 treatments
049,49 treatments
050,50 treatments
051,51 treatments
052,52 treatments
053,53 treatments
054,54 treatments
055,55 treatments
056,56 treatments
057,57 treatments
058,58 treatments
059,59 treatments
060,60 treatments
061,61 treatments
062,62 treatments
063,63 treatments
064,64 treatments
065,65 treatments
066,66 treatments
067,67 treatments
068,68 treatments
069,69 treatments
070,70 treatments
071,71 treatments
072,72 treatments
073,73 treatments
074,74 treatments
075,75 treatments
076,76 treatments
077,77 treatments
078,78 treatments
079,79 treatments
080,80 treatments
081,81 treatments
082,82 treatments
083,83 treatments
084,84 treatments
085,85 treatments
086,86 treatments
087,87 treatments
088,88 treatments
089,89 treatments
090,90 treatments
091,91 treatments
092,92 treatments
093,93 treatments
094,94 treatments
095,95 treatments
096,96 treatments
097,97 treatments
098,98 treatments
099,99 treatments
100,100 treatments
101,101 treatments
102,102 treatments
103,103 treatments
104,104 treatments
105,105 treatments
106,106 treatments
107,107 treatments
108,108 treatments
109,109 treatments
110,110 treatments
111,111 treatments
112,112 treatments
113,113 treatments
114,114 treatments
115,115 treatments
116,116 treatments
117,117 treatments
118,118 treatments
119,119 treatments
120,120 treatments
121,121 treatments
122,122 treatments
123,123 treatments
124,124 treatments
125,125 treatments
126,126 treatments
127,127 treatments
128,128 treatments
129,129 treatments
130,130 treatments
131,131 treatments
132,132 treatments
133,133 treatments
134,134 treatments
135,135 treatments
136,136 treatments
137,137 treatments
138,138 treatments
139,139 treatments
140,140 treatments
141,141 treatments
142,142 treatments
143,143 treatments
144,144 treatments
145,145 treatments
146,146 treatments
147,147 treatments
148,148 treatments
149,149 treatments
150,150 treatments
151,151 treatments
152,152 treatments
153,153 treatments
154,154 treatments
155,155 treatments
156,156 treatments
157,157 treatments
158,158 treatments
159,159 treatments
160,160 treatments
161,161 treatments
162,162 treatments
163,163 treatments
164,164 treatments
165,165 treatments
166,166 treatments
167,167 treatments
168,168 treatments
169,169 treatments
170,170 treatments
171,171 treatments
172,172 treatments
173,173 treatments
174,174 treatments
175,175 treatments
176,176 treatments
177,177 treatments
178,178 treatments
179,179 treatments
180,180 treatments
181,181 treatments
182,182 treatments
183,183 treatments
184,184 treatments
185,185 treatments
186,186 treatments
187,187 treatments
188,188 treatments
189,189 treatments
190,190 treatments
191,191 treatments
192,192 treatments
193,193 treatments
194,194 treatments
195,195 treatments
196,196 treatments
197,197 treatments
198,198 treatments
199,199 treatments
200,200 treatments
201,201 treatments
202,202 treatments
203,203 treatments
204,204 treatments
205,205 treatments
206,206 treatments
207,207 treatments
208,208 treatments
209,209 treatments
210,210 treatments
211,211 treatments
212,212 treatments
213,213 treatments
214,214 treatments
215,215 treatments
216,216 treatments
217,217 treatments
218,218 treatments
219,219 treatments
220,220 treatments
221,221 treatments
222,222 treatments
223,223 treatments
224,224 treatments
225,225 treatments
226,226 treatments
227,227 treatments
228,228 treatments
229,229 treatments
230,230 treatments
231,231 treatments
232,232 treatments
233,233 treatments
234,234 treatments
235,235 treatments
236,236 treatments
237,237 treatments
238,238 treatments
239,239 treatments
240,240 treatments
241,241 treatments
242,242 treatments
243,243 treatments
244,244 treatments
245,245 treatments
246,246 treatments
247,247 treatments
248,248 treatments
249,249 treatments
250,250 treatments
251,251 treatments
252,252 treatments
253,253 treatments
254,254 treatments
255,255 treatments
256,256 treatments
257,257 treatments
258,258 treatments
259,259 treatments
260,260 treatments
261,261 treatments
262,262 treatments
263,263 treatments
264,264 treatments
265,265 treatments
266,266 treatments
267,267 treatments
268,268 treatments
269,269 treatments
270,270 treatments
271,271 treatments
272,272 treatments
273,273 treatments
274,274 treatments
275,275 treatments
276,276 treatments
277,277 treatments
278,278 treatments
279,279 treatments
280,280 treatments
281,281 treatments
282,282 treatments
283,283 treatments
284,284 treatments
285,285 treatments
286,286 treatments
287,287 treatments
288,288 treatments
289,289 treatments
290,290 treatments
291,291 treatments
292,292 treatments
293,293 treatments
294,294 treatments
295,295 treatments
296,296 treatments
297,297 treatments
298,298 treatments
299,299 treatments
300,300 treatments
301,301 treatments
302,302 treatments
303,303 treatments
304,304 treatments
305,305 treatments
306,306 treatments
307,307 treatments
308,308 treatments
309,309 treatments
310,310 treatments
311,311 treatments
312,312 treatments
313,313 treatments
314,314 treatments
315,315 treatments
316,316 treatments
317,317 treatments
318,318 treatments
319,319 treatments
320,320 treatments
321,321 treatments
322,322 treatments
323,323 treatments
324,324 treatments
325,325 treatments
326,326 treatments
327,327 treatments
328,328 treatments
329,329 treatments
330,330 treatments
331,331 treatments
332,332 treatments
333,333 treatments
334,334 treatments
335,335 treatments
336,336 treatments
337,337 treatments
338,338 treatments
339,339 treatments
340,340 treatments
341,341 treatments
342,342 treatments
343,343 treatments
344,344 treatments
345,345 treatments
346,346 treatments
347,347 treatments
348,348 treatments
349,349 treatments
350,350 treatments
351,351 treatments
352,352 treatments
353,353 treatments
354,354 treatments
355,355 treatments
356,356 treatments
357,357 treatments
358,358 treatments
359,359 treatments
360,360 treatments
361,361 treatments
362,362 treatments
363,363 treatments
364,364 treatments
365,365 treatments
366,366 treatments
367,367 treatments
368,368 treatments
369,369 treatments
370,370 treatments
371,371 treatments
372,372 treatments
373,373 treatments
374,374 treatments
375,375 treatments
376,376 treatments
377,377 treatments
378,378 treatments
379,379 treatments
380,380 treatments
381,381 treatments
382,382 treatments
383,383 treatments
384,384 treatments
385,385 treatments
386,386 treatments
387,387 treatments
388,388 treatments
389,389 treatments
390,390 treatments
391,391 treatments
392,392 treatments
393,393 treatments
394,394 treatments
395,395 treatments
396,396 treatments
397,397 treatments
398,398 treatments
399,399 treatments
400,400 treatments
401,401 treatments
402,402 treatments
403,403 treatments
404,404 treatments
405,405 treatments
406,406 treatments
407,407 treatments
408,408 treatments
409,409 treatments
410,410 treatments
411,411 treatments
412,412 treatments
413,413 treatments
414,414 treatments
415,415 treatments
416,416 treatments
417,417 treatments
418,418 treatments
419,419 treatments
420,420 treatments
421,421 treatments
422,422 treatments
423,423 treatments
424,424 treatments
425,425 treatments
426,426 treatments
427,427 treatments
428,428 treatments
429,429 treatments
430,430 treatments
431,431 treatments
432,432 treatments
433,433 treatments
434,434 treatments
435,435 treatments
436,436 treatments
437,437 treatments
438,438 treatments
439,439 treatments
440,440 treatments
441,441 treatments
442,442 treatments
443,443 treatments
444,444 treatments
445,445 treatments
446,446 treatments
447,447 treatments
448,448 treatments
449,449 treatments
450,450 treatments
451,451 treatments
452,452 treatments
453,453 treatments
454,454 treatments
455,455 treatments
456,456 treatments
457,457 treatments
458,458 treatments
459,459 treatments
460,460 treatments
461,461 treatments
462,462 treatments
463,463 treatments
464,464 treatments
465,465 treatments
466,466 treatments
467,467 treatments
468,468 treatments
469,469 treatments
470,470 treatments
471,471 treatments
472,472 treatments
473,473 treatments
474,474 treatments
475,475 treatments
476,476 treatments
477,477 treatments
478,478 treatments
479,479 treatments
480,480 treatments
481,481 treatments
482,482 treatments
483,483 treatments
484,484 treatments
485,485 treatments
486,486 treatments
487,487 treatments
488,488 treatments
489,489 treatments
490,490 treatments
491,491 treatments
492,492 treatments
493,493 treatments
494,494 treatments
495,495 treatments
496,496 treatments
497,497 treatments
498,498 treatments
499,499 treatments
500,500 treatments
501,501 treatments
502,502 treatments
503,503 treatments
504,504 treatments
505,505 treatments
506,506 treatments
507,507 treatments
508,508 treatments
509,509 treatments
510,510 treatments
511,511 treatments
512,512 treatments
513,513 treatments
514,514 treatments
515,515 treatments
516,516 treatments
517,517 treatments
518,518 treatments
519,519 treatments
520,520 treatments
521,521 treatments
522,522 treatments
523,523 treatments
524,524 treatments
525,525 treatments
526,526 treatments
527,527 treatments
528,528 treatments
529,529 treatments
530,530 treatments
531,531 treatments
532,532 treatments
533,533 treatments
534,534 treatments
535,535 treatments
536,536 treatments
537,537 treatments
538,538 treatments
539,539 treatments
540,540 treatments
541,541 treatments
542,542 treatments
543,543 treatments
544,544 treatments
545,545 treatments
546,546 treatments
547,547 treatments
548,548 treatments
549,549 treatments
550,550 treatments
551,551 treatments
552,552 treatments
553,553 treatments
554,554 treatments
555,555 treatments
556,556 treatments
557,557 treatments
558,558 treatments
559,559 treatments
560,560 treatments
561,561 treatments
562,562 treatments
563,563 treatments
564,564 treatments
565,565 treatments
566,566 treatments
567,567 treatments
568,568 treatments
569,569 treatments
570,570 treatments
571,571 treatments
572,572 treatments
573,573 treatments
574,574 treatments
575,575 treatments
576,576 treatments
577,577 treatments
578,578 treatments
579,579 treatments
580,580 treatments
581,581 treatments
582,582 treatments
583,583 treatments
584,584 treatments
585,585 treatments
586,586 treatments
587,587 treatments
588,588 treatments
589,589 treatments
590,590 treatments
591,591 treatments
592,592 treatments
593,593 treatments
594,594 treatments
595,595 treatments
596,596 treatments
597,597 treatments
598,598 treatments
599,599 treatments
600,600 treatments
601,601 treatments
602,602 treatments
603,603 treatments
604,604 treatments
605,605 treatments
606,606 treatments
607,607 treatments
608,608 treatments
609,609 treatments
610,610 treatments
611,611 treatments
612,612 treatments
613,613 treatments
614,614 treatments
615,615 treatments
616,616 treatments
617,617 treatments
618,618 treatments
619,619 treatments
620,620 treatments
621,621 treatments
622,622 treatments
623,623 treatments
624,624 treatments
625,625 treatments
626,626 treatments
627,627 treatments
628,628 treatments
629,629 treatments
630,630 treatments
631,631 treatments
632,632 treatments
633,633 treatments
634,634 treatments
635,635 treatments
636,636 treatments
637,637 treatments
638,638 treatments
639,639 treatments
640,640 treatments
641,641 treatments
642,642 treatments
643,643 treatments
644,644 treatments
645,645 treatments
646,646 treatments
647,647 treatments
648,648 treatments
649,649 treatments
650,650 treatments
651,651 treatments
652,652 treatments
653,653 treatments
654,654 treatments
655,655 treatments
656,656 treatments
657,657 treatments
658,658 treatments
659,659 treatments
660,660 treatments
661,661 treatments
662,662 treatments
663,663 treatments
664,664 treatments
665,665 treatments
666,666 treatments
667,667 treatments
668,668 treatments
669,669 treatments
670,670 treatments
671,671 treatments
672,672 treatments
673,673 treatments
674,674 treatments
675,675 treatments
676,676 treatments
677,677 treatments
678,678 treatments
679,679 treatments
680,680 treatments
681,681 treatments
682,682 treatments
683,683 treatments
684,684 treatments
685,685 treatments
686,686 treatments
687,687 treatments
688,688 treatments
689,689 treatments
690,690 treatments
691,691 treatments
692,692 treatments
693,693 treatments
694,694 treatments
695,695 treatments
696,696 treatments
697,697 treatments
698,698 treatments
699,699 treatments
700,700 treatments
701,701 treatments
702,702 treatments
703,703 treatments
704,704 treatments
705,705 treatments
706,706 treatments
707,707 treatments
708,708 treatments
709,709 treatments
710,710 treatments
711,711 treatments
712,712 treatments
713,713 treatments
714,714 treatments
715,715 treatments
716,716 treatments
717,717 treatments
718,718 treatments
719,719 treatments
720,720 treatments
721,721 treatments
722,722 treatments
723,723 treatments
724,724 treatments
725,725 treatments
726,726 treatments
727,727 treatments
728,728 treatments
729,729 treatments
730,730 treatments
731,731 treatments
732,732 treatments
733,733 treatments
734,734 treatments
735,735 treatments
736,736 treatments
737,737 treatments
738,738 treatments
739,739 treatments
740,740 treatments
741,741 treatments
742,742 treatments
743,743 treatments
744,744 treatments
745,745 treatments
746,746 treatments
747,747 treatments
748,748 treatments
749,749 treatments
750,750 treatments
751,751 treatments
752,752 treatments
753,753 treatments
754,754 treatments
755,755 treatments
756,756 treatments
757,757 treatments
758,758 treatments
759,759 treatments
760,760 treatments
761,761 treatments
762,762 treatments
763,763 treatments
764,764 treatments
765,765 treatments
766,766 treatments
767,767 treatments
768,768 treatments
769,769 treatments
770,770 treatments
771,771 treatments
772,772 treatments
773,773 treatments
774,774 treatments
775,775 treatments
776,776 treatments
777,777 treatments
778,778 treatments
779,779 treatments
780,780 treatments
781,781 treatments
782,782 treatments
783,783 treatments
784,784 treatments
785,785 treatments
786,786 treatments
787,787 treatments
788,788 treatments
789,789 treatments
790,790 treatments
791,791 treatments
792,792 treatments
793,793 treatments
794,794 treatments
795,795 treatments
796,796 treatments
797,797 treatments
798,798 treatments
799,799 treatments
800,800 treatments
801,801 treatments
802,802 treatments
803,803 treatments
804,804 treatments
805,805 treatments
806,806 treatments
807,807 treatments
808,808 treatments
809,809 treatments
810,810 treatments
811,811 treatments
812,812 treatments
813,813 treatments
814,814 treatments
815,815 treatments
816,816 treatments
817,817 treatments
818,818 treatments
819,819 treatments
820,820 treatments
821,821 treatments
822,822 treatments
823,823 treatments
824,824 treatments
825,825 treatments
826,826 treatments
827,827 treatments
828,828 treatments
829,829 treatments
830,830 treatments
831,831 treatments
832,832 treatments
833,833 treatments
834,834 treatments
835,835 treatments
836,836 treatments
837,837 treatments
838,838 treatments
839,839 treatments
840,840 treatments
841,841 treatments
842,842 treatments
843,843 treatments
844,844 treatments
845,845 treatments
846,846 treatments
847,847 treatments
848,848 treatments
849,849 treatments
850,850 treatments
851,851 treatments
852,852 treatments
853,853 treatments
854,854 treatments
855,855 treatments
856,856 treatments
857,857 treatments
858,858 treatments
859,859 treatments
860,860 treatments
861,861 treatments
862,862 treatments
863,863 treatments
864,864 treatments
865,865 treatments
866,866 treatments
867,867 treatments
868,868 treatments
869,869 treatments
870,870 treatments
871,871 treatments
872,872 treatments
873,873 treatments
874,874 treatments
875,875 treatments
876,876 treatments
877,877 treatments
878,878 treatments
879,879 treatments
880,880 treatments
881,881 treatments
882,882 treatments
883,883 treatments
884,884 treatments
885,885 treatments
886,886 treatments
887,887 treatments
888,888 treatments
889,889 treatments
890,890 treatments
891,891 treatments
892,892 treatments
893,893 treatments
894,894 treatments
895,895 treatments
896,896 treatments
897,897 treatments
898,898 treatments
899,899 treatments
900,900 treatments
901,901 treatments
902,902 treatments
903,903 treatments
904,904 treatments
905,905 treatments
906,906 treatments
907,907 treatments
908,908 treatments
909,909 treatments
910,910 treatments
911,911 treatments
912,912 treatments
913,913 treatments
914,914 treatments
915,915 treatments
916,916 treatments
917,917 treatments
918,918 treatments
919,919 treatments
920,920 treatments
921,921 treatments
922,922 treatments
923,923 treatments
924,924 treatments
925,925 treatments
926,926 treatments
927,927 treatments
928,928 treatments
929,929 treatments
930,930 treatments
931,931 treatments
932,932 treatments
933,933 treatments
934,934 treatments
935,935 treatments
936,936 treatments
937,937 treatments
938,938 treatments
939,939 treatments
940,940 treatments
941,941 treatments
942,942 treatments
943,943 treatments
944,944 treatments
945,945 treatments
946,946 treatments
947,947 treatments
948,948 treatments
949,949 treatments
950,950 treatments
951,951 treatments
952,952 treatments
953,953 treatments
954,954 treatments
955,955 treatments
956,956 treatments
957,957 treatments
958,958 treatments
959,959 treatments
960,960 treatments
961,961 treatments
962,962 treatments
963,963 treatments
964,964 treatments
965,965 treatments
966,966 treatments
967,967 treatments
968,968 treatments
969,969 treatments
970,970 treatments
971,971 treatments
972,972 treatments
973,973 treatments
974,974 treatments
975,975 treatments
976,976 treatments
977,977 treatments
978,978 treatments
979,979 treatments
980,980 treatments
981,981 treatments
982,982 treatments
983,983 treatments
984,984 treatments
985,985 treatments
986,986 treatments
987,987 treatments
988,988 treatments
989,989 treatments
990,990 treatments
991,991 treatments
992,992 treatments
993,993 treatments
994,994 treatments
995,995 treatments
996,996 treatments
997,997 treatments
998,998 treatments
999,Unknown
